Name,Latitude,Longitude,Description
10 W KBOUY,24.717933,-82.9821,BUOY
107 WRECK,24.508816,-81.828514,"WRECK AND GENERAL GOOD BOTTOM FISHING AREA - CHUM, READ TUTORIALS"
110FTGROUPER,25.027033,-80.332283,
110FTYELLOWTAIL,25.02211700000001,-80.34375,
247 WRECK,24.550916,-81.81778900000001,"WRECK AND GENERAL GOOD BOTTOM FISHING AREA - CHUM, READ TUTORIALS"
26FTGROUPER,24.930017,-80.44963300000001,
409 Hump,24.591667,-80.591667,"Superb Offshore Trolling for Tuna, Mahi and Sailfish"
409HUMP a,24.59185,-80.5911,see 409 hump comment
70TO90FTBLACKGROUPER,24.931617,-80.4761,
90 WRECK,24.503942,-81.83217000000001,"VERY OLD WRECK, GOOD BOTTOM AROUND THIS HOLE"
95FTGROUPERYELLOWTAIL,24.997733,-80.380883,
ADOLPHBUSCH,24.530683,-81.461467,210 FOOT FREIGHTER WRECK
ALEXANDER,24.861667,-80.568333,"120 FT STEEL BARGE, THE ALEXANDER ALSO BRIDGE RUBBLE"
ALGFINGER,24.841267,-80.62605000000001,Good Bottom Fishing - Bug Cubera's
ALLIGATOR2,24.852084,-80.61644699999999,"GOOD REEF FISHING FOR GROUPER, SNAPPER AND MACKEREL. SEE YOUR TUTORIAL ON PATCH REEF FISHING"
AMERICAN1,24.552033,-81.465317,600 TONS NILES CHANNEL BRIDGE RUBBLE
AMERICAN2,24.55145,-81.466667,NILES CHANNEL BRIDGE RUBBLE
AMERICAN3,24.551983,-81.466967,KEMP CHANNEL BRIDGE RUBBLE
AVAILABLESPOTS,24.862418,-80.212874,DEEP DROP SPOTS FOR THE KEYS ARE AVAILABLE FROM FLFISHINGSPOTS.COM
AVAILABLESPOTS 2,24.62217,-80.503677,DEEP DROP SPOTS FOR THE KEYS ARE AVAILABLE FROM FLFISHINGSPOTS.COM
AVAILABLESPOTS3,24.374814,-81.022921,DEEP DROP SPOTS FOR THE KEYS ARE AVAILABLE FROM FLFISHINGSPOTS.COM
AVAILABLESPOTS4,24.300764,-81.658305,DEEP DROP SPOTS FOR THE KEYS ARE AVAILABLE FROM FLFISHINGSPOTS.COM
AVAILABLESPOTS5,24.322075,-82.147789,DEEP DROP SPOTS FOR THE KEYS ARE AVAILABLE FROM FLFISHINGSPOTS.COM
BAHIAHONDA,24.595917,-81.2907,SPANISH HARBOR BRIDGE SPANS
BAHIAHONDA2,24.595767,-81.28966699999999,BRIDGE RUBBLE
BAITHOLE1,24.495417,-81.98051700000001,RUNNERS W DRY ROCK
Benwood Wreck,25.05267,-80.33366,"old wreck, remnants remaining"
BIBB WRECK,24.995167,-80.37949999999999,"327 FOOT USCG CUTTER BIBB LAYING ON STARBOARD SIDE 95' TO RAIL, DEPTH 130, RELIEF 35, CONFIRMED USING LORAN"
BIGPINEKEY1,24.550267,-81.324967,SHALLOW REEF MODULES WITH PVC
BIGPINEREEF,24.550933,-81.32915,RESEARCH MODULES LOW PROFILE
BIGPINEREEF2,24.541817,-81.32365,"RESEARCH MODULES, HIGH PROFILE"
BIGPINEREEF3,24.544867,-81.32550000000001,"RESEARCH MODULES, HIGH PROFILE"
BOILERS B,25.141182,-80.252037,Subm boiler
BOLIERS A,25.147018,-80.254097,Subm boilers
CannonPatch,25.107786,-80.34311200000001,"PATCH REEF FOR BOTTOM FISHING YELLOWTAIL, MANGROVES - NIGHT FISHING FOR GROUPER- ALWAYS CHUM!!!"
CANNONREEF1,25.103514,-80.34008799999999,anhor chum fish use two chum blocks incoming or ebb tide mangrove ytail grouper
CaptainCrunch,25.008209,-80.392093,WRECK REMAINS
CARYSEDGE,25.193286,-80.22753899999999,GOOD BOTTOM FISHING AND TROLLING
CARYSFORT1,25.166931,-80.19882200000001,WRECK WITH LIVE BOTTOM LEFT OVER
CAYMANWRK,24.4535,-81.766333,187 FT ARMY MINELAYER
CHRISTINA,24.500198,-81.483536,"SCATTERED REEF AND BOTTOM FOR GROUPER, SNAPPER AND MACKEREL. SEE YOUR TUTORIAL ON PATCH REEF FISHING"
COALBIN,24.45,-82.08833300000001,GOOD BOTTOM FISHING AND TROLLING AREA - SCATTERED WRECK AND LIVE BOTTOM
COOTWRECK,24.617099,-82.583168,GOOD BOTTOM
CORAKPATCH133,24.465147,-81.82993,"CORAL AND PATCH REEF - CHUM HEAVY FOR SNAPPER, GROUPER - LIVE AND CUT BAIT"
CORALPATCH099,24.543959,-81.596825,"CORAL AND PATCH REEF - CHUM HEAVY FOR SNAPPER, GROUPER - LIVE AND CUT BAIT"
CORALPATCH100,24.52478500000001,-81.53618299999999,"CORAL AND PATCH REEF - CHUM HEAVY FOR SNAPPER, GROUPER - LIVE AND CUT BAIT"
CORALPATCH101,24.511908,-81.567504,"CORAL AND PATCH REEF - CHUM HEAVY FOR SNAPPER, GROUPER - LIVE AND CUT BAIT"
CORALPATCH102,24.524574,-81.63399699999999,"CORAL AND PATCH REEF - CHUM HEAVY FOR SNAPPER, GROUPER - LIVE AND CUT BAIT"
CORALPATCH103,24.513921,-81.61782700000001,"CORAL AND PATCH REEF - CHUM HEAVY FOR SNAPPER, GROUPER - LIVE AND CUT BAIT"
CORALPATCH104,24.50415,-81.622593,"CORAL AND PATCH REEF - CHUM HEAVY FOR SNAPPER, GROUPER - LIVE AND CUT BAIT"
CORALPATCH105,24.522257,-81.57958000000001,"CORAL AND PATCH REEF - CHUM HEAVY FOR SNAPPER, GROUPER - LIVE AND CUT BAIT"
CORALPATCH106,24.502929,-81.653249,"CORAL AND PATCH REEF - CHUM HEAVY FOR SNAPPER, GROUPER - LIVE AND CUT BAIT"
CORALPATCH107,24.498739,-81.639748,"CORAL AND PATCH REEF - CHUM HEAVY FOR SNAPPER, GROUPER - LIVE AND CUT BAIT"
CORALPATCH108,24.532227,-81.606335,"CORAL AND PATCH REEF - CHUM HEAVY FOR SNAPPER, GROUPER - LIVE AND CUT BAIT"
CORALPATCH109,24.513245,-81.78539600000001,"CORAL AND PATCH REEF - CHUM HEAVY FOR SNAPPER, GROUPER - LIVE AND CUT BAIT"
CORALPATCH110,24.502846,-81.81016,"CORAL AND PATCH REEF - CHUM HEAVY FOR SNAPPER, GROUPER - LIVE AND CUT BAIT"
CORALPATCH111,24.511365,-81.77274,"CORAL AND PATCH REEF - CHUM HEAVY FOR SNAPPER, GROUPER - LIVE AND CUT BAIT"
CORALPATCH112,24.481144,-81.71296100000001,"CORAL AND PATCH REEF - CHUM HEAVY FOR SNAPPER, GROUPER - LIVE AND CUT BAITk"
CORALPATCH113,24.475859,-81.683398,"CORAL AND PATCH REEF - CHUM HEAVY FOR SNAPPER, GROUPER - LIVE AND CUT BAIT"
CORALPATCH114,24.475056,-81.711767,"CORAL AND PATCH REEF - CHUM HEAVY FOR SNAPPER, GROUPER - LIVE AND CUT BAIT"
CORALPATCH115,24.471407,-81.76757600000001,"CORAL AND PATCH REEF - CHUM HEAVY FOR SNAPPER, GROUPER - LIVE AND CUT BAIT"
CORALPATCH116,24.469607,-81.787813,"CORAL AND PATCH REEF - CHUM HEAVY FOR SNAPPER, GROUPER - LIVE AND CUT BAIT"
CORALPATCH117,24.464407,-81.75845,"CORAL AND PATCH REEF - CHUM HEAVY FOR SNAPPER, GROUPER - LIVE AND CUT BAIT"
CORALPATCH118,24.467429,-81.814207,"CORAL AND PATCH REEF - CHUM HEAVY FOR SNAPPER, GROUPER - LIVE AND CUT BAIT"
CORALPATCH119,24.487562,-81.808961,"CORAL AND PATCH REEF - CHUM HEAVY FOR SNAPPER, GROUPER - LIVE AND CUT BAIT"
CORALPATCH120,24.48202,-81.77106000000001,"CORAL AND PATCH REEF - CHUM HEAVY FOR SNAPPER, GROUPER - LIVE AND CUT BAIT"
CORALPATCH122,24.486989,-81.81778799999999,"CORAL AND PATCH REEF - CHUM HEAVY FOR SNAPPER, GROUPER - LIVE AND CUT BAIT"
CORALPATCH123,24.502991,-81.822304,"CORAL AND PATCH REEF - CHUM HEAVY FOR SNAPPER, GROUPER - LIVE AND CUT BAIT"
CORALPATCH124,24.503032,-81.76728900000001,"CORAL AND PATCH REEF - CHUM HEAVY FOR SNAPPER, GROUPER - LIVE AND CUT BAIT"
CORALPATCH125,24.501462,-81.743965,"CORAL AND PATCH REEF - CHUM HEAVY FOR SNAPPER, GROUPER - LIVE AND CUT BAIT"
CORALPATCH126,24.497155,-81.75157400000001,"CORAL AND PATCH REEF - CHUM HEAVY FOR SNAPPER, GROUPER - LIVE AND CUT BAIT"
CORALPATCH127,24.490202,-81.671243,"CORAL AND PATCH REEF - CHUM HEAVY FOR SNAPPER, GROUPER - LIVE AND CUT BAIT"
CORALPATCH128,24.476368,-81.894947,"CORAL AND PATCH REEF - CHUM HEAVY FOR SNAPPER, GROUPER - LIVE AND CUT BAIT"
CORALPATCH129,24.466683,-81.864745,"CORAL AND PATCH REEF - CHUM HEAVY FOR SNAPPER, GROUPER - LIVE AND CUT BAIT"
CORALPATCH130,24.462127,-81.919364,"CORAL AND PATCH REEF - CHUM HEAVY FOR SNAPPER, GROUPER - LIVE AND CUT BAIT"
CORALPATCH132,24.47492,-81.857879,"CORAL AND PATCH REEF - CHUM HEAVY FOR SNAPPER, GROUPER - LIVE AND CUT BAIT"
CORALPATCH134,24.443582,-81.85328199999999,"CORAL AND PATCH REEF - CHUM HEAVY FOR SNAPPER, GROUPER - LIVE AND CUT BAIT"
CORALPATCH135,24.444003,-81.866405,"CORAL AND PATCH REEF - CHUM HEAVY FOR SNAPPER, GROUPER - LIVE AND CUT BAIT"
CORALPATCH136,24.443304,-81.907281,"CORAL AND PATCH REEF - CHUM HEAVY FOR SNAPPER, GROUPER - LIVE AND CUT BAIT"
CORALPATCH137,24.438805,-81.981809,"CORAL AND PATCH REEF - CHUM HEAVY FOR SNAPPER, GROUPER - LIVE AND CUT BAIT"
CORALPATCH138,24.433292,-81.97075700000001,"CORAL AND PATCH REEF - CHUM HEAVY FOR SNAPPER, GROUPER - LIVE AND CUT BAIT"
CORALPATCH139,24.472765,-81.929794,"CORAL AND PATCH REEF - CHUM HEAVY FOR SNAPPER, GROUPER - LIVE AND CUT BAIT"
CORALPATCH140,24.45488,-81.925478,"CORAL AND PATCH REEF - CHUM HEAVY FOR SNAPPER, GROUPER - LIVE AND CUT BAIT"
CORALPATCH141,24.438525,-81.918824,"CORAL AND PATCH REEF - CHUM HEAVY FOR SNAPPER, GROUPER - LIVE AND CUT BAIT"
CORALPATCH142,24.44458,-81.946506,"CORAL AND PATCH REEF - CHUM HEAVY FOR SNAPPER, GROUPER - LIVE AND CUT BAIT"
CORALPATCH143,24.47942700000001,-82.051534,"CORAL AND PATCH REEF - CHUM HEAVY FOR SNAPPER, GROUPER - LIVE AND CUT BAIT"
CORALPATCH144,24.470999,-82.03896,"CORAL AND PATCH REEF - CHUM HEAVY FOR SNAPPER, GROUPER - LIVE AND CUT BAIT"
CORALPATCH145,24.449361,-82.03702300000001,"CORAL AND PATCH REEF - CHUM HEAVY FOR SNAPPER, GROUPER - LIVE AND CUT BAIT"
CORALPATCH146,24.447462,-82.04818400000001,"CORAL AND PATCH REEF - CHUM HEAVY FOR SNAPPER, GROUPER - LIVE AND CUT BAIT"
CORALPATCH147,24.469385,-81.98564500000001,"CORAL AND PATCH REEF - CHUM HEAVY FOR SNAPPER, GROUPER - LIVE AND CUT BAIT"
CORALPATCH148,24.43369300000001,-82.030725,"CORAL AND PATCH REEF - CHUM HEAVY FOR SNAPPER, GROUPER - LIVE AND CUT BAIT"
CORALPATCH149,24.442674,-82.072495,"CORAL AND PATCH REEF - CHUM HEAVY FOR SNAPPER, GROUPER - LIVE AND CUT BAIT"
CORALPATCH150,24.488961,-82.09391100000001,"CORAL AND PATCH REEF - CHUM HEAVY FOR SNAPPER, GROUPER - LIVE AND CUT BAIT"
CORALPATCH151,24.498697,-82.050822,"CORAL AND PATCH REEF - CHUM HEAVY FOR SNAPPER, GROUPER - LIVE AND CUT BAIT"
CORALPATCH152,24.534062,-82.071806,"CORAL AND PATCH REEF - CHUM HEAVY FOR SNAPPER, GROUPER - LIVE AND CUT BAIT"
CORALPATCH153,24.517823,-82.06308900000001,"CORAL AND PATCH REEF - CHUM HEAVY FOR SNAPPER, GROUPER - LIVE AND CUT BAIT"
CORALPATCH154,24.521295,-82.07417100000001,"CORAL AND PATCH REEF - CHUM HEAVY FOR SNAPPER, GROUPER - LIVE AND CUT BAIT"
CORALPATCH155,24.518999,-82.122062,"CORAL AND PATCH REEF - CHUM HEAVY FOR SNAPPER, GROUPER - LIVE AND CUT BAIT"
CORALPATCH156,24.519596,-82.016745,"CORAL AND PATCH REEF - CHUM HEAVY FOR SNAPPER, GROUPER - LIVE AND CUT BAIT"
CORALPATCH157,24.48911500000001,-82.010021,"CORAL AND PATCH REEF - CHUM HEAVY FOR SNAPPER, GROUPER - LIVE AND CUT BAIT"
CORALPATCH160,24.491787,-82.224941,"CORAL AND PATCH REEF - CHUM HEAVY FOR SNAPPER, GROUPER - LIVE AND CUT BAIT"
CORALPATCH161,24.516849,-82.20005000000001,"CORAL AND PATCH REEF - CHUM HEAVY FOR SNAPPER, GROUPER - LIVE AND CUT BAIT"
CORALPATCH162,24.511587,-82.119871,"CORAL AND PATCH REEF - CHUM HEAVY FOR SNAPPER, GROUPER - LIVE AND CUT BAIT"
CORALPATCH163,24.475095,-82.089178,"CORAL AND PATCH REEF - CHUM HEAVY FOR SNAPPER, GROUPER - LIVE AND CUT BAIT"
CORALPATCH164,24.46331,-82.23766500000001,"CORAL AND PATCH REEF - CHUM HEAVY FOR SNAPPER, GROUPER - LIVE AND CUT BAIT"
CORALPATCH165,24.501728,-82.185011,"CORAL AND PATCH REEF - CHUM HEAVY FOR SNAPPER, GROUPER - LIVE AND CUT BAIT"
CORALPATCH166,24.534545,-82.225515,"CORAL AND PATCH REEF - CHUM HEAVY FOR SNAPPER, GROUPER - LIVE AND CUT BAIT"
CORALPATCH167,24.520241,-82.331782,"CORAL AND PATCH REEF - CHUM HEAVY FOR SNAPPER, GROUPER - LIVE AND CUT BAIT"
CORALPATCH168,24.52229,-82.358509,"CORAL AND PATCH REEF - CHUM HEAVY FOR SNAPPER, GROUPER - LIVE AND CUT BAIT"
CORALPATCH169,24.538876,-82.311362,"CORAL AND PATCH REEF - CHUM HEAVY FOR SNAPPER, GROUPER - LIVE AND CUT BAIT"
CORALPATCH170,24.499115,-82.280205,"CORAL AND PATCH REEF - CHUM HEAVY FOR SNAPPER, GROUPER - LIVE AND CUT BAIT"
CORALPATCH171,24.483567,-82.232682,"CORAL AND PATCH REEF - CHUM HEAVY FOR SNAPPER, GROUPER - LIVE AND CUT BAIT"
CORALPATCH172,24.459257,-81.976805,"CORAL AND PATCH REEF - CHUM HEAVY FOR SNAPPER, GROUPER - LIVE AND CUT BAIT"
CORALPATCH173,24.502824,-82.016976,"CORAL AND PATCH REEF - CHUM HEAVY FOR SNAPPER, GROUPER - LIVE AND CUT BAIT"
CORALPATCH174,24.46246,-82.037898,"CORAL AND PATCH REEF - CHUM HEAVY FOR SNAPPER, GROUPER - LIVE AND CUT BAIT"
CORALPATCH175,24.469581,-81.941396,"CORAL AND PATCH REEF - CHUM HEAVY FOR SNAPPER, GROUPER - LIVE AND CUT BAIT"
CORALPATCH176,24.49755,-81.95110099999999,"CORAL AND PATCH REEF - CHUM HEAVY FOR SNAPPER, GROUPER - LIVE AND CUT BAIT"
CORALPATCH177,24.507605,-81.884693,"CORAL AND PATCH REEF - CHUM HEAVY FOR SNAPPER, GROUPER - LIVE AND CUT BAIT"
CORALPATCH178,24.453046,-81.894432,"CORAL AND PATCH REEF - CHUM HEAVY FOR SNAPPER, GROUPER - LIVE AND CUT BAIT"
CORALPATCH179,24.667219,-81.139869,"CORAL AND PATCH REEF - CHUM HEAVY FOR SNAPPER, GROUPER - LIVE AND CUT BAIT"
CORALPATCH180,24.649973,-81.108284,"Wreck nearby and coral, limestone"
CORALPATCH181,24.632102,-81.090982,"CORAL AND PATCH REEF - CHUM HEAVY FOR SNAPPER, GROUPER - LIVE AND CUT BAIT"
CORALPATCH182,24.615731,-81.14603700000001,"CORAL AND PATCH REEF - CHUM HEAVY FOR SNAPPER, GROUPER - LIVE AND CUT BAIT"
CORALPATCH183,24.59591500000001,-81.213331,"CORAL AND PATCH REEF - CHUM HEAVY FOR SNAPPER, GROUPER - LIVE AND CUT BAIT"
CORALPATCH184,24.672895,-81.163256,"CORAL AND PATCH REEF - CHUM HEAVY FOR SNAPPER, GROUPER - LIVE AND CUT BAIT"
CORALPATCH185,24.666798,-81.10914,"CORAL AND PATCH REEF - CHUM HEAVY FOR SNAPPER, GROUPER - LIVE AND CUT BAIT"
CORALPATCH186,24.634022,-81.207627,"CORAL AND PATCH REEF - CHUM HEAVY FOR SNAPPER, GROUPER - LIVE AND CUT BAIT"
CORALPATCH187,24.71267900000001,-80.977024,"CORAL AND PATCH REEF - CHUM HEAVY FOR SNAPPER, GROUPER - LIVE AND CUT BAIT"
CORALPATCH188,24.665073,-80.973826,"CORAL AND PATCH REEF - CHUM HEAVY FOR SNAPPER, GROUPER - LIVE AND CUT BAIT"
CORALPATCH189,24.725099,-80.85803900000001,"CORAL AND PATCH REEF - CHUM HEAVY FOR SNAPPER, GROUPER - LIVE AND CUT BAIT"
CORALPATCH192,24.753742,-80.816288,"CORAL AND PATCH REEF - CHUM HEAVY FOR SNAPPER, GROUPER - LIVE AND CUT BAIT"
CORALPATCH193,24.718037,-80.83920500000001,"CORAL AND PATCH REEF - CHUM HEAVY FOR SNAPPER, GROUPER - LIVE AND CUT BAIT"
CORALPATCH194,24.74885,-80.85993499999999,"CORAL AND PATCH REEF - CHUM HEAVY FOR SNAPPER, GROUPER - LIVE AND CUT BAIT"
CORALPATCH195,24.771218,-80.833367,"CORAL AND PATCH REEF - CHUM HEAVY FOR SNAPPER, GROUPER - LIVE AND CUT BAIT"
CORALPATCH196,24.731778,-80.796638,"CORAL AND PATCH REEF - CHUM HEAVY FOR SNAPPER, GROUPER - LIVE AND CUT BAIT"
CORALPATCH197,24.696665,-80.88905699999999,"CORAL AND PATCH REEF - CHUM HEAVY FOR SNAPPER, GROUPER - LIVE AND CUT BAIT"
CORALPATCH198,24.75843800000001,-80.74117800000001,"CORAL AND PATCH REEF - CHUM HEAVY FOR SNAPPER, GROUPER - LIVE AND CUT BAIT"
CORALPATCH199,24.812524,-80.731692,"CORAL AND PATCH REEF - CHUM HEAVY FOR SNAPPER, GROUPER - LIVE AND CUT BAIT"
CORALPATCH200,24.825153,-80.717601,"CORAL AND PATCH REEF - CHUM HEAVY FOR SNAPPER, GROUPER - LIVE AND CUT BAIT"
CORALPATCH201,24.831671,-80.649496,"CORAL AND PATCH REEF - CHUM HEAVY FOR SNAPPER, GROUPER - LIVE AND CUT BAIT"
CORALPATCH202,24.821272,-80.651664,"CORAL AND PATCH REEF - CHUM HEAVY FOR SNAPPER, GROUPER - LIVE AND CUT BAIT"
CORALPATCH203,24.796486,-80.687027,"CORAL AND PATCH REEF - CHUM HEAVY FOR SNAPPER, GROUPER - LIVE AND CUT BAIT"
CORALPATCH204,24.864754,-80.558914,"CORAL AND PATCH REEF - CHUM HEAVY FOR SNAPPER, GROUPER - LIVE AND CUT BAIT"
CORALPATCH205,24.905104,-80.587119,"CORAL AND PATCH REEF - CHUM HEAVY FOR SNAPPER, GROUPER - LIVE AND CUT BAIT"
CORALPATCH206,24.91478,-80.55125700000001,"CORAL AND PATCH REEF - CHUM HEAVY FOR SNAPPER, GROUPER - LIVE AND CUT BAIT"
CORALPATCH207,24.909422,-80.52879,"CORAL AND PATCH REEF - CHUM HEAVY FOR SNAPPER, GROUPER - LIVE AND CUT BAIT"
CORALPATCH208,24.892533,-80.578727,"CORAL AND PATCH REEF - CHUM HEAVY FOR SNAPPER, GROUPER - LIVE AND CUT BAIT"
CORALPATCH209,24.992857,-80.46092,"CORAL AND PATCH REEF - CHUM HEAVY FOR SNAPPER, GROUPER - LIVE AND CUT BAIT"
CORALPATCH210,24.97304,-80.430937,"CORAL AND PATCH REEF - CHUM HEAVY FOR SNAPPER, GROUPER - LIVE AND CUT BAIT"
CORALPATCH211,24.971707,-80.459339,"CORAL AND PATCH REEF - CHUM HEAVY FOR SNAPPER, GROUPER - LIVE AND CUT BAIT"
CORALPATCH212,24.977752,-80.492212,"CORAL AND PATCH REEF - CHUM HEAVY FOR SNAPPER, GROUPER - LIVE AND CUT BAIT"
CORALPATCH213,24.96583,-80.440865,"CORAL AND PATCH REEF - CHUM HEAVY FOR SNAPPER, GROUPER - LIVE AND CUT BAIT"
CORALWRECK2,24.465437,-81.986074,Wreck
CORALWRECK3,24.45814100000001,-82.165718,Wreck
CORALWRECKA,24.458399,-81.80497200000001,Wk in 110.0 ft
COSGROVE,24.466667,-82.185,Cosgrove lIve bottom area
coshump,24.448,-82.17,Humps - Good Fishing on bottom and trolling. Good Spot in general
CUDJOE,24.659039,-81.527264,
DAVIS REEF,24.923283,-80.508867,4 REEFBALLS
DIXIE WRECK 2,25.066338,-80.311089,GOOD BOTTOM LEFT OVER FROM OLD WRECK
DIXIESHOAL2,25.065717,-80.3103,GROUPER
DixieShoalA,25.06232,-80.32803,"GOOD Y-TAIL AND MANGROVE SNAPPER FISHING - CHUM HEAVY, FISH A LIVE FLAT LINE FOR MACKEREL"
DOLPHIN3,24.339302,-81.70262,Mahi and Sailfish - Wahoo on 12=12=2009
DOLPHINi22,24.48684,-81.634117,Dolphin on the ledge
DRYROCK,24.45282,-81.914749,Wreck
DUANE WRK,24.990377,-80.381917,327 FT USCG CUTTER
DUMPSITE3,24.432047,-81.411722,Good Trolling
EAGLEWRECK,24.869667,-80.570167,287 FOOT FREIGHTER
EAST DRY ROCK,24.4625,-81.841667,East Dry Rock area
EASTSAMBO,24.491667,-81.66416700000001,Live Bottom coral reef area - good fishing
EJ BULLOC,24.500432,-82.999844,"WRECK AND NATURAL REEF IN AREA, FISHING CAN BE GOOD HERE"
ELINFANTE,24.935413,-80.468114,WRECK WITH SCATTERED BOTTOM IN AREA
FAREAPATCH,25.117956,-80.339314,anhor in 12 14 ft chum fish use two chum blocks incoming or ebb tide mangrove ytail grouper
FL ISLA IN,24.888354,-80.449601,"inside hump, blue water"
FLINTSTONE,24.627092,-82.709834,"OLD WRECK, HOLDS FISH ON OCCASION"
FLKEY6,24.511201,-81.57171200000001,Bottom Fishing Snapper Grouper
FLKEYNorth,24.437667,-82.375,"Note: TUNA, YELLOWTAIL, RED GROUPER, SILKY SNAPPER, CERO MACKEREL, KINGFISH, SAILFISH"
FLKEYS2,24.521531,-81.58486499999999,Bottom Fishing for Smapper Grouper
FLKEYS47,24.45488,-82.106323,Good Bottom Fishing snapper Grouper
FREDTWRK,24.459,-81.55370000000001,391 FT FLETCHER DESTROYER
FrenchReef,25.0343,-80.34833,
FrenchReef9,25.037336,-80.343774,
FrenchReefA,25.040468,-80.345007,"GOOD Y-TAIL AND MANGROVE SNAPPER FISHING - CHUM HEAVY, FISH A LIVE FLAT LINE FOR MACKEREL"
FrenchReefE,25.037314,-80.34549,
FrenchReefNE,25.03667,-80.34383,
FrenchReefNW,25.039066,-80.354387,"GOOD Y-TAIL AND MANGROVE SNAPPER FISHING - CHUM HEAVY, FISH A LIVE FLAT LINE FOR MACKEREL"
FrenchReefSW,25.030206,-80.35006,"GOOD Y-TAIL AND MANGROVE SNAPPER FISHING - CHUM HEAVY, FISH A LIVE FLAT LINE FOR MACKEREL"
GRASSPATCH G,24.90003,-80.60273100000001,live bottom or lobster
GRASSPATCH H1,24.942209,-80.497686,live bottom grass and reef
GROUPER 3,24.98551700000001,-80.38978299999999,GROUPER IN 94 FT DRIFT OR ANCHOR AND CHUM HEAVY
GROUPER 5,24.90865,-80.50708299999999,GROUPER IN 99 FEET DRIFT THEN ANCHOR AND CHUM
GROUPER DROP,24.92325,-80.490683,GROUPER ON DROP OFF HERE DRIFT OR ANCHOR AND CHUM
GROUPER II,25.0459,-80.330967,WRECK WITH GROUPER AND OTHER
GROUPER S,24.88795,-80.53610000000001,WRECK FISHING FOR GROUPER
HANNON CAN,24.448783,-82.288917,KEVIN HANNON
HAWKS15,24.621682,-81.244348,Hawks Channel Troll and bottom fish
hawkspatch,24.954566,-80.512338,anhor chum bottom fish in fish use two chum blocks incoming or ebb tide mangrove ytail grouper
HERMISWRECK,24.600419,-83.533171,DEEP WATER WRECK
HHCONWAY,24.667092,-81.066458,OLD WRECK AND SCATTERED BOTTOM
honey1,24.574931,-82.58062099999999,"HONEY HOLE FOR TROLLING AND FOR BOTTOM FISHING - CHUM HARD, SNAPPER GROYUPER"
HUMP A,24.804787,-80.440108,SCATTERED SMALL RIDGES OR LIVE BOTTOM IN AREA
HUMP B,24.805819,-80.43892700000001,SCATTERED SMALL RIDGES OR LIVE BOTTOM IN AREA
HUMP D,24.809866,-80.43804299999999,SCATTERED SMALL RIDGES OR LIVE BOTTOM IN AREA
HUMP E,24.809852,-80.429851,SCATTERED SMALL RIDGES OR LIVE BOTTOM IN AREA
HUMP F,24.813145,-80.43743499999999,SCATTERED SMALL RIDGES OR LIVE BOTTOM IN AREA
HUMP K,24.589542,-80.58980099999999,NEAR 409 HUMP - MAHI
ISLA HUMP,24.802917,-80.44456700000001,"OFFSHORE HUMP - SUPERB SPOT FOR TUNA, DOLPHIN AND SAILFISH"
ISLAMORADA1,24.84125,-80.5514,LIGNUM VITAE BRIDGE SPANS
ISLAMORADA2,24.83845,-80.557017,BRIDGE SPANS
ISLAMORADA3,24.84195,-80.55115000000001,INDIAN CUT BRIDGE SPANS
ISLAMORADA4,24.838867,-80.559583,120 FOOT BARGE AND BRIDGE SPANS
ISLAMORADA5,24.8412,-80.5514,OLD TEA TABLE BRIDGE SPANS
ISLHUMP2,24.80444,-80.446201,"BLUE WATER FISHING - MAHI, TUNA, SAILS"
JOES TUG,24.464167,-81.737833,90 FOOT LONG TUGBOAT
K BOUY,24.725933,-82.799767,CAN BUOY
KB KINGFISH,24.720983,-82.987717,55 LB KINGFISH CAUGHT ON THE GOTCHA BOAT
KBUOY BAIT,24.725,-82.8,BAIT FISH SPOT - GOOD TROLLING FOR KINGFISH AND DOLPHIN
KEYFISH23,24.554357,-81.620441,Bottom Fishing Hawks Channel
KeyLargoHump,25.01102,-80.28,KEY LARGO BLUEWATER HUMP
KeyLargoSW,25.03388,-80.42362,FISHING AREA
kingfishalley3,24.496887,-81.653025,kingfish ditch between these shoals
kingfishcove3,24.48561,-81.688371,Key West Kingfish and Cero Mackerel Cove
kingledge02,24.477289,-81.716646,kings on ledge - Winning Fish in 2001 Bottom Fishing on ledge as well.
KW BAITFISH2,24.491483,-81.785183,GOOD BAIT - BLUE RUNNERS
KWBARGEB,24.519667,-81.85080000000001,"MOOSE SIZE KINGFISH, BIG CERO - GOOD TROLLING SPOT"
KWKINGFISH,24.429233,-82.40455,NICE KINGS AT THIS SPOT
KWTOURNEY,24.427883,-81.759733,HEAVY STEEL AND BARGE
KWTOURNEY0,24.4542,-81.770833,100 FEET STEEL BARGE LOLA
KWTOURNEY1,24.454167,-81.770833,260 FOOT SHIP L.S.M.R.
LIVE BOTTOM D,24.91277,-80.493223,LIVE BOTTOM AREA -GOOD BOTTOM FISHING AND TROLLING
LIVEBOTOM021,24.559936,-82.709885,"GOOD REEF FISHING FOR GROUPER, SNAPPER AND MACKEREL. SEE YOUR TUTORIAL ON PATCH REEF FISHING"
LIVEBOTOM1,24.931498,-80.482865,live bottom reef
LIVEBOTOM2,24.918899,-80.53435399999999,PATCH REEF FISHING SPOT
LIVEBOTTOM13,24.537498,-81.821669,"Live Bottom, Ricks or good structure for drfit fishing, lostering or Anchor chum fishing"
LOB21,24.700183,-80.8787,GOOD BOTTOM FISHING AND LOBSTERING
LOBSNAPPER1,24.84575,-80.68216700000001,"GROUPER, SNAPPER AND HOGFISH"
LOBSNAPPER2,24.702933,-80.894617,GOOD SNAPPER GROUPER FISHING AND LOBSTERING
LOBSNAPPER3,24.699183,-80.878317,GOOD LOBTSERING AND LIVE BOTTOM
LOBSNAPPER4,24.845983,-80.714167,GOOD LOBSTERING AND BOTTOM FISHING
LOBSNAPPER5,24.8575,-80.659333,GOOD SNAPPER GROUPER FISHING AND LOBSTERING AND SPEARFISHING
LOBSNAPPER9,24.8361,-80.713283,"GOOD BOTTOM FISHING, SPEARFISHING AND LOBSTERING"
LOBSTER C,24.852667,-80.7312,LOBSTER HOLES
LOBSTER EAST,24.698217,-80.87656699999999,LOBSTERING AND GROUPER SNAPPER FISHING OR SPEARFISHING
LOBSTER H,24.83815,-80.72775,LOBSTER ROCKS AND HOLES
LOBSTER6,24.558574,-81.809794,"Live Bottom, Ricks or good structure for drfit fishing, lostering or Anchor chum fishing"
Long Key Reef B,24.71083,-80.82658000000001,Long Key Reef [S] N24 42.295 W80 49.244 Symbol & Name Long Key Reef [S] N24 42.650 W80 49.595 Symbol & Name LongKeyReef[S]1 N24 42.503 W80 49.390 Symbol & Name LongKeyReef[S]2 N24 42.601 W80 49.128 Symbol & Name LongKeyReef[S]3 N24 42.639 W80 49.226 Symbol & Name
LONGKEYREEF,24.73175,-80.827783,LONG KEY BRIDGE PARTS ON BOTTOM
LongKeyReef0,24.71065,-80.82043,CORAL REEF AREA -GOOD FISHING
LONGKEYREEF01,24.7313,-80.830533,LONG KEY BRIDGE ON BOTTOM
LONGKEYREEF03,24.731667,-80.827783,LONG KEY BRIDGE PARTS
LongKeyReef1,24.71002,-80.8188,CORAL REEF AREA -GOOD FISHING
LONGKEYREEF11,24.733767,-80.82925,"LONG KEY BRIDGE, 5 PATCH REEFS"
LONGKEYREEF12,24.733533,-80.826483,"LONG KEY BRIDGE, 5 PATCH REEFS"
LONGKEYREEF13,24.7365,-80.82641700000001,"LONG KEY BRIDGE, 4 PATCH REEFS"
LONGKEYREEF2,24.726683,-80.8289,"ONG KEY BRIDGE,5 PATCH REEFS"
LongKeyReef3,24.70838,-80.82317000000001,CORAL REEF AREA -GOOD FISHING
LONGKEYREEF6,24.726883,-80.828467,"LONG KEY BRIDGE ,5 PATCH REEFS"
LONGKEYREEF7,24.731167,-80.827533,"LONG KEY BRIDGE, 9 PATCH REEFS"
LongKeyReefA,24.70492,-80.82073,"Reef materials, scattered capt. B.L."
MAHISAILS D,24.819604,-80.384151,"TROLLING FOR MAHI, SAILS AND WAHOO"
MAITAIWRK,24.468267,-83.00794999999999,WRECK - GOOD BOTTOM FISHING AND GOOD TROLLING
MANG SNAPPER,24.886283,-80.560783,MANGROVE SNAPPER HEAVY CHUM
MARATHON0,24.6398,-80.95925,VACA CUT BRIDGE SPAN
MARATHON1,24.641017,-80.957517,CONCRETE SLABS
MARATHON4,24.650833,-80.963117,CONCRETE BRIDGE SPANS
MARIA WRECK,24.683754,-81.08313,WRECK - HOLDS FISH
MARQU ROCK,24.465833,-82.221333,MARQUESAS
Marqueses1,24.559167,-82.474667,"Good Bottom fishing drop and trolling drop near Marquese Light. Note: YELLOWTAIL, RED GROUPER, SILKY SNAPPER, CERO MACKEREL, KINGFISH, SAILFISH"
Molasses NE,25.01767,-80.364,"SNAPPER - YELLOWTAIL, MANGROVE, DAY OR NIGHT - CHUM HEAVY"
Molasses NW,25.01667,-80.3755,"SNAPPER - YELLOWTAIL, MANGROVE, DAY OR NIGHT - CHUM HEAVY"
Molasses SE,25.00483,-80.37833000000001,"SNAPPER - YELLOWTAIL, MANGROVE, DAY OR NIGHT - CHUM HEAVY"
Molasses SW,25.012,-80.3805,"SNAPPER - YELLOWTAIL, MANGROVE, DAY OR NIGHT - CHUM HEAVY"
Molasses1,25.00964,-80.37452999999999,"SNAPPER - YELLOWTAIL, MANGROVE, DAY OR NIGHT - CHUM HEAVY"
Molasses2,25.00758,-80.37342,CORAL REEF AREA -GOOD FISHING
MolassesReef,25.00732,-80.37447,MOLASSES REEF AREA
MUTTON 1,25.0077,-80.362667,MUTTONS AND GROUPER IN 86 FT CHUM HEAVY ON ANCHOR
MUTTON BOTTOM2,24.895933,-80.52545000000001,ANCHOR AND CHUM FOR BEST MUTTON FISHING AROUND
NATURAL02,24.600197,-83.05657100000001,Rocks or Natural Live Bottom Area
NATURAL3,24.500416,-83.133894,Rocks or Natural Live Bottom Area
NATURAL9,24.534869,-81.844818,"GOOD REEF FISHING FOR GROUPER, SNAPPER AND MACKEREL. SEE YOUR TUTORIAL ON PATCH REEF FISHING"
newground1,24.4305,-82.423,"Good Bottom fishing drop or trolling. Note: YELLOWTAIL, RED GROUPER, SILKY SNAPPER, CERO MACKEREL, KINGFISH, SAILFISH"
NORTHERN LI,25.050398,-80.21643400000001,GOOD BOTTOM
PATCH 3W,24.560669,-81.810036,"Live Bottom, Ricks or good structure for drfit fishing, lostering or Anchor chum fishing"
PATCH A,24.542502,-81.81805799999999,"Live Bottom, Ricks or good structure for drfit fishing, lostering or Anchor chum fishing"
PATCH B,24.541114,-81.826116,"Live Bottom, Ricks or good structure for drfit fishing, lostering or Anchor chum fishing"
PATCH C,24.545838,-81.830275,"Live Bottom, Ricks or good structure for drfit fishing, lostering or Anchor chum fishing"
PATCH C1,24.552108,-81.815022,"Live Bottom, Ricks or good structure for drfit fishing, lostering or Anchor chum fishing"
PATCH C2,24.479996,-81.705558,"Live Bottom, Ricks or good structure for drfit fishing, lostering or Anchor chum fishing"
PATCH C5,24.51392,-81.831829,"Live Bottom, Ricks or good structure for drfit fishing, lostering or Anchor chum fishing"
PATCH D,24.541812,-81.821202,"Live Bottom, Ricks or good structure for drfit fishing, lostering or Anchor chum fishing"
PATCH F4,24.709302,-80.869789,"Live Bottom, Ricks or good structure for drfit fishing, lostering or Anchor chum fishing"
PATCH G,24.557259,-81.811752,"Live Bottom, Ricks or good structure for drfit fishing, lostering or Anchor chum fishing"
PATCH HH,24.887913,-80.55533699999999,"Live Bottom, Ricks or good structure for drfit fishing, lostering or Anchor chum fishing"
PATCH REEF D,24.946201,-80.464842,PATCH REEF FISHING SPOT FOR YTAIL SNAPPER AND CUBERA'S. CHUM HEAVY FOR BEST RESULTS
PATCH YY,24.54629900000001,-81.408227,"Live Bottom, Ricks or good structure for drfit fishing, lostering or Anchor chum fishing"
patch017,24.961583,-80.476298,anhor chum bottom fish in fish use two chum blocks incoming or ebb tide mangrove ytail grouper
patch018,24.906801,-80.54727200000001,anhor chum bottom fish in fish use two chum blocks incoming or ebb tide mangrove ytail grouper
patch020,24.911499,-80.59288700000001,hawks channel anhor chum bottom fish in fish use two chum blocks incoming or ebb tide mangrove ytail grouper
patch023,24.655378,-81.027846,anhor chum bottom fish in fish use two chum blocks incoming or ebb tide mangrove ytail grouper
PATCHF17,24.555064,-81.529647,"GOOD REEF FISHING FOR GROUPER, SNAPPER AND MACKEREL. SEE YOUR TUTORIAL ON PATCH REEF FISHING"
PATCHPKAMP,25.078173,-80.33676300000001,"GOOD Y-TAIL AND MANGROVE SNAPPER FISHING - CHUM HEAVY, FISH A LIVE FLAT LINE FOR MACKEREL"
PATCHPKAMP2,25.061764,-80.357101,"GOOD Y-TAIL AND MANGROVE SNAPPER FISHING - CHUM HEAVY, FISH A LIVE FLAT LINE FOR MACKEREL"
PATCHRE001,24.508862,-81.665053,"PATCH REEF, BOTTOM FISHING WITH CHUM, LIVE AND CUT BAIT FOR YELLOWTAIL AND MORE"
PATCHRE002,24.539562,-81.514312,"PATCH REEF, BOTTOM FISHING WITH CHUM, LIVE AND CUT BAIT FOR YELLOWTAIL AND MORE"
PATCHRE003,24.540367,-81.495295,"PATCH REEF, BOTTOM FISHING WITH CHUM, LIVE AND CUT BAIT FOR YELLOWTAIL AND MORE"
PATCHRE004,24.561015,-81.498913,"PATCH REEF, BOTTOM FISHING WITH CHUM, LIVE AND CUT BAIT FOR YELLOWTAIL AND MORE"
PATCHRE005,24.525043,-81.552318,"PATCH REEF, BOTTOM FISHING WITH CHUM, LIVE AND CUT BAIT FOR YELLOWTAIL AND MORE"
PATCHRE006,24.583368,-81.432552,"PATCH REEF, BOTTOM FISHING WITH CHUM, LIVE AND CUT BAIT FOR YELLOWTAIL AND MORE"
PATCHRE007,24.629365,-81.303741,"PATCH REEF, BOTTOM FISHING WITH CHUM, LIVE AND CUT BAIT FOR YELLOWTAIL AND MORE"
PATCHRE008,24.563955,-81.550969,"PATCH REEF, BOTTOM FISHING WITH CHUM, LIVE AND CUT BAIT FOR YELLOWTAIL AND MORE"
PATCHRE009,24.579601,-81.563101,"PATCH REEF, BOTTOM FISHING WITH CHUM, LIVE AND CUT BAIT FOR YELLOWTAIL AND MORE"
PATCHRE010,24.580866,-81.574191,"PATCH REEF, BOTTOM FISHING WITH CHUM, LIVE AND CUT BAIT FOR YELLOWTAIL AND MORE"
PATCHREEF 2,24.523871,-81.623971,"GOOD REEF FISHING FOR GROUPER, SNAPPER AND MACKEREL. SEE YOUR TUTORIAL ON PATCH REEF FISHING"
patchreef A,24.528743,-81.661455,"GOOD REEF FISHING FOR GROUPER, SNAPPER AND MACKEREL. SEE YOUR TUTORIAL ON PATCH REEF FISHING"
PATCHREEF001,25.058429,-80.346574,"GOOD Y-TAIL AND MANGROVE SNAPPER FISHING - CHUM HEAVY, FISH A LIVE FLAT LINE FOR MACKEREL"
PATCHREEF002,25.05415,-80.34808200000001,"GOOD Y-TAIL AND MANGROVE SNAPPER FISHING - CHUM HEAVY, FISH A LIVE FLAT LINE FOR MACKEREL"
PATCHREEF003,25.125763,-80.353292,"PATCH REEF FOR BOTTOM FISHING YELLOWTAIL, MANGROVES - NIGHT FISHING FOR GROUPER- ALWAYS CHUM!!!"
PATCHREEF004,25.112275,-80.32883099999999,"PATCH REEF FOR BOTTOM FISHING YELLOWTAIL, MANGROVES - NIGHT FISHING FOR GROUPER- ALWAYS CHUM!!!"
PATCHREEF005,25.106322,-80.32749,"PATCH REEF FOR BOTTOM FISHING YELLOWTAIL, MANGROVES - NIGHT FISHING FOR GROUPER- ALWAYS CHUM!!!"
PATCHREEF006,25.07844,-80.313148,"GOOD Y-TAIL AND MANGROVE SNAPPER FISHING - CHUM HEAVY, FISH A LIVE FLAT LINE FOR MACKEREL"
PATCHREEF007,25.036313,-80.36462,"GOOD Y-TAIL AND MANGROVE SNAPPER FISHING - CHUM HEAVY, FISH A LIVE FLAT LINE FOR MACKEREL"
PATCHREEF008,25.026558,-80.356396,"GOOD Y-TAIL AND MANGROVE SNAPPER FISHING - CHUM HEAVY, FISH A LIVE FLAT LINE FOR MACKEREL"
PATCHREEF009,25.046056,-80.394492,"GOOD Y-TAIL AND MANGROVE SNAPPER FISHING - CHUM HEAVY, FISH A LIVE FLAT LINE FOR MACKEREL"
PATCHREEF010,25.046224,-80.38031700000001,"YELLOWTAIL SNAPPER FISHING - MANGROVES, CHUM HEAVY - LIVE BAIT WHILE ANCHORED"
PATCHREEF011,25.037814,-80.39411,"YELLOWTAIL SNAPPER FISHING - MANGROVES, CHUM HEAVY - LIVE BAIT WHILE ANCHORED"
PATCHREEF012,25.031899,-80.381168,"YELLOWTAIL SNAPPER FISHING - MANGROVES, CHUM HEAVY - LIVE BAIT WHILE ANCHORED"
PATCHREEF014,24.569601,-81.54167800000001,"GOOD REEF FISHING FOR GROUPER, SNAPPER AND MACKEREL. SEE YOUR TUTORIAL ON PATCH REEF FISHING"
PATCHREEF015,24.585642,-81.547482,"GOOD REEF FISHING FOR GROUPER, SNAPPER AND MACKEREL. SEE YOUR TUTORIAL ON PATCH REEF FISHING"
PATCHREEF016,25.021923,-80.438976,"SNAPPER - YELLOWTAIL, MANGROVE, DAY OR NIGHT - CHUM HEAVY"
PATCHREEF018,24.999424,-80.39917800000001,"SNAPPER - YELLOWTAIL, MANGROVE, DAY OR NIGHT - CHUM HEAVY"
PATCHREEF02,24.541796,-81.638775,"GOOD REEF FISHING FOR GROUPER, SNAPPER AND MACKEREL. SEE YOUR TUTORIAL ON PATCH REEF FISHING"
PATCHREEF020,24.99365,-80.407161,"SNAPPER - YELLOWTAIL, MANGROVE, DAY OR NIGHT - CHUM HEAVY"
PATCHREEF021,24.98288,-80.474237,"SNAPPER - YELLOWTAIL, MANGROVE, DAY OR NIGHT - CHUM HEAVY"
PATCHREEF022,24.976178,-80.464928,"SNAPPER - YELLOWTAIL, MANGROVE, DAY OR NIGHT - CHUM HEAVY"
PATCHREEF023,24.960968,-80.48835699999999,"SNAPPER - YELLOWTAIL, MANGROVE, DAY OR NIGHT - CHUM HEAVY"
PATCHREEF024,24.980282,-80.421846,"SNAPPER - YELLOWTAIL, MANGROVE, DAY OR NIGHT - CHUM HEAVY"
PATCHREEF025,24.992266,-80.43082200000001,"SNAPPER - YELLOWTAIL, MANGROVE, DAY OR NIGHT - CHUM HEAVY"
PATCHREEF026,24.950032,-80.49510100000001,"SNAPPER - YELLOWTAIL, MANGROVE, DAY OR NIGHT - CHUM HEAVY"
PATCHREEF027,24.932843,-80.512794,"SNAPPER - YELLOWTAIL, MANGROVE, DAY OR NIGHT - CHUM HEAVY"
PATCHREEF028,24.93928,-80.477571,"SNAPPER - YELLOWTAIL, MANGROVE, DAY OR NIGHT - CHUM HEAVY"
PATCHREEF029,24.922335,-80.542845,"SNAPPER - YELLOWTAIL, MANGROVE, DAY OR NIGHT - CHUM HEAVY"
PATCHREEF03,24.571307,-81.596357,"GOOD REEF FISHING FOR GROUPER, SNAPPER AND MACKEREL. SEE YOUR TUTORIAL ON PATCH REEF FISHING"
PATCHREEF030,24.901555,-80.56774900000001,"SNAPPER - YELLOWTAIL, MANGROVE, DAY OR NIGHT - CHUM HEAVY"
PATCHREEF031,24.87765,-80.621285,"SNAPPER - YELLOWTAIL, MANGROVE, DAY OR NIGHT - CHUM HEAVY"
PATCHREEF032,24.86192,-80.599604,"SNAPPER - YELLOWTAIL, MANGROVE, DAY OR NIGHT - CHUM HEAVY"
PATCHREEF033,24.873157,-80.59977000000001,"SNAPPER - YELLOWTAIL, MANGROVE, DAY OR NIGHT - CHUM HEAVY"
PATCHREEF034,24.851304,-80.652087,"SNAPPER - YELLOWTAIL, MANGROVE, DAY OR NIGHT - CHUM HEAVY"
PATCHREEF036,24.897073,-80.618099,"SNAPPER - YELLOWTAIL, MANGROVE, DAY OR NIGHT - CHUM HEAVY"
PATCHREEF037,24.896801,-80.541207,"SNAPPER - YELLOWTAIL, MANGROVE, DAY OR NIGHT - CHUM HEAVY"
PATCHREEF038,24.917465,-80.586614,"SNAPPER - YELLOWTAIL, MANGROVE, DAY OR NIGHT - CHUM HEAVY"
PATCHREEF039,24.813549,-80.67341999999999,"SNAPPER - YELLOWTAIL, MANGROVE, DAY OR NIGHT - CHUM HEAVY"
PATCHREEF041,24.774188,-80.723456,"SNAPPER - YELLOWTAIL, MANGROVE, DAY OR NIGHT - CHUM HEAVY"
PATCHREEF042,24.785223,-80.767707,"SNAPPER - YELLOWTAIL, MANGROVE, DAY OR NIGHT - CHUM HEAVY"
PATCHREEF044,24.756715,-80.773078,"SNAPPER - YELLOWTAIL, MANGROVE, DAY OR NIGHT - CHUM HEAVY"
PATCHREEF045,24.776785,-80.734988,"SNAPPER - YELLOWTAIL, MANGROVE, DAY OR NIGHT - CHUM HEAVY"
PATCHREEF046,24.797188,-80.75045,"SNAPPER - YELLOWTAIL, MANGROVE, DAY OR NIGHT - CHUM HEAVY"
PATCHREEF047,24.761381,-80.863066,"SNAPPER - YELLOWTAIL, MANGROVE, DAY OR NIGHT - CHUM HEAVY"
PATCHREEF048,24.73286,-80.910324,"SNAPPER - YELLOWTAIL, MANGROVE, DAY OR NIGHT - CHUM HEAVY"
PATCHREEF049,24.719387,-80.926518,"SNAPPER - YELLOWTAIL, MANGROVE, DAY OR NIGHT - CHUM HEAVY"
PATCHREEF05,24.550495,-81.648447,"GOOD REEF FISHING FOR GROUPER, SNAPPER AND MACKEREL. SEE YOUR TUTORIAL ON PATCH REEF FISHING"
PATCHREEF050,24.719547,-80.92031400000001,"PATCH REEF - YELLOWTAIL SNAPPER, GROUPER, MACKEREL ON FLAT LINES"
PATCHREEF051,24.710689,-80.946806,"PATCH REEF - YELLOWTAIL SNAPPER, GROUPER, MACKEREL ON FLAT LINES"
PATCHREEF052,24.731812,-80.940319,"PATCH REEF - YELLOWTAIL SNAPPER, GROUPER, MACKEREL ON FLAT LINES"
PATCHREEF053,24.717489,-80.97791599999999,"PATCH REEF - YELLOWTAIL SNAPPER, GROUPER, MACKEREL ON FLAT LINES"
PATCHREEF054,24.673466,-80.979444,"PATCH REEF - YELLOWTAIL SNAPPER, GROUPER, MACKEREL ON FLAT LINES"
PATCHREEF055,24.672329,-81.047016,"PATCH REEF - YELLOWTAIL SNAPPER, GROUPER, MACKEREL ON FLAT LINES"
PATCHREEF056,24.693157,-81.02032,"PATCH REEF - YELLOWTAIL SNAPPER, GROUPER, MACKEREL ON FLAT LINES"
PATCHREEF058,24.694262,-80.938253,"PATCH REEF - YELLOWTAIL SNAPPER, GROUPER, MACKEREL ON FLAT LINES"
PATCHREEF059,24.689026,-80.93258899999999,"PATCH REEF - YELLOWTAIL SNAPPER, GROUPER, MACKEREL ON FLAT LINES"
PATCHREEF060,24.697688,-80.972289,"PATCH REEF - YELLOWTAIL SNAPPER, GROUPER, MACKEREL ON FLAT LINES"
PATCHREEF062,24.659901,-81.00362800000001,"PATCH REEF - YELLOWTAIL SNAPPER, GROUPER, MACKEREL ON FLAT LINES"
PATCHREEF063,24.647779,-81.036841,"PATCH REEF - YELLOWTAIL SNAPPER, GROUPER, MACKEREL ON FLAT LINES"
PATCHREEF065,24.688119,-81.03913,"PATCH REEF - YELLOWTAIL SNAPPER, GROUPER, MACKEREL ON FLAT LINES"
PATCHREEF066,24.658011,-81.03568199999999,"PATCH REEF - YELLOWTAIL SNAPPER, GROUPER, MACKEREL ON FLAT LINES"
PATCHREEF067,24.687188,-80.991619,"PATCH REEF - YELLOWTAIL SNAPPER, GROUPER, MACKEREL ON FLAT LINES"
PATCHREEF068,24.681615,-80.932103,"PATCH REEF - YELLOWTAIL SNAPPER, GROUPER, MACKEREL ON FLAT LINES"
PATCHREEF07,24.548757,-81.61820400000001,"GOOD REEF FISHING FOR GROUPER, SNAPPER AND MACKEREL. SEE YOUR TUTORIAL ON PATCH REEF FISHING"
PATCHREEF070,24.648121,-81.064982,"PATCH REEF - YELLOWTAIL SNAPPER, GROUPER, MACKEREL ON FLAT LINES"
PATCHREEF071,24.647448,-81.028717,"PATCH REEF - YELLOWTAIL SNAPPER, GROUPER, MACKEREL ON FLAT LINES"
PATCHREEF072,24.666538,-81.08330700000001,"PATCH REEF - YELLOWTAIL SNAPPER, GROUPER, MACKEREL ON FLAT LINES"
PATCHREEF073,24.642194,-81.104511,"PATCH REEF - YELLOWTAIL SNAPPER, GROUPER, MACKEREL ON FLAT LINES"
PATCHREEF074,24.635417,-81.09441,"PATCH REEF - YELLOWTAIL SNAPPER, GROUPER, MACKEREL ON FLAT LINES"
PATCHREEF075,24.634042,-81.081216,"PATCH REEF - YELLOWTAIL SNAPPER, GROUPER, MACKEREL ON FLAT LINES"
PATCHREEF076,24.590632,-81.241512,"PATCH REEF - YELLOWTAIL SNAPPER, GROUPER, MACKEREL ON FLAT LINES"
PATCHREEF077,24.585484,-81.254408,"PATCH REEF - YELLOWTAIL SNAPPER, GROUPER, MACKEREL ON FLAT LINES"
PATCHREEF078,24.605193,-81.225008,"PATCH REEF - YELLOWTAIL SNAPPER, GROUPER, MACKEREL ON FLAT LINES"
PATCHREEF079,24.602932,-81.317589,"PATCH REEF - YELLOWTAIL SNAPPER, GROUPER, MACKEREL ON FLAT LINES"
PATCHREEF08,24.54572900000001,-81.60728500000001,"GOOD REEF FISHING FOR GROUPER, SNAPPER AND MACKEREL. SEE YOUR TUTORIAL ON PATCH REEF FISHING"
PATCHREEF080,24.615216,-81.295913,"PATCH REEF - YELLOWTAIL SNAPPER, GROUPER, MACKEREL ON FLAT LINES"
PATCHREEF081,24.569807,-81.34505,"PATCH REEF - YELLOWTAIL SNAPPER, GROUPER, MACKEREL ON FLAT LINES"
PATCHREEF082,24.562984,-81.339125,"PATCH REEF - YELLOWTAIL SNAPPER, GROUPER, MACKEREL ON FLAT LINES"
PATCHREEF083,24.573146,-81.292119,"PATCH REEF - YELLOWTAIL SNAPPER, GROUPER, MACKEREL ON FLAT LINES"
PATCHREEF085,24.555361,-81.427781,"PATCH REEF - YELLOWTAIL SNAPPER, GROUPER, MACKEREL ON FLAT LINES"
PATCHREEF087,24.549229,-81.388977,"PATCH REEF - YELLOWTAIL SNAPPER, GROUPER, MACKEREL ON FLAT LINES"
PATCHREEF088,24.559269,-81.33231499999999,"PATCH REEF - YELLOWTAIL SNAPPER, GROUPER, MACKEREL ON FLAT LINES"
PATCHREEF09,24.512905,-81.638581,"GOOD REEF FISHING FOR GROUPER, SNAPPER AND MACKEREL. SEE YOUR TUTORIAL ON PATCH REEF FISHING"
PATCH-REEF-090,24.535276,-81.470916,"PATCH REEF - YELLOWTAIL SNAPPER, GROUPER, MACKEREL ON FLAT LINES"
PATCHREEF092,24.600423,-81.489766,"PATCH REEF - YELLOWTAIL SNAPPER, GROUPER, MACKEREL ON FLAT LINES"
PATCHREEF093,24.605169,-81.429928,"PATCH REEF - YELLOWTAIL SNAPPER, GROUPER, MACKEREL ON FLAT LINES"
PATCHREEF094,24.545033,-81.56411,"PATCH REEF - YELLOWTAIL SNAPPER, GROUPER, MACKEREL ON FLAT LINES"
PATCHREEF095,24.539224,-81.587604,"PATCH REEF - YELLOWTAIL SNAPPER, GROUPER, MACKEREL ON FLAT LINES"
PATCHREEF096,24.537058,-81.595494,"PATCH REEF - YELLOWTAIL SNAPPER, GROUPER, MACKEREL ON FLAT LINES"
PATCHREEF097,24.51401200000001,-81.552705,"PATCH REEF - YELLOWTAIL SNAPPER, GROUPER, MACKEREL ON FLAT LINES"
PATCHREEF098,24.550916,-81.57704699999999,"CORAL AND PATCH REEF - CHUM HEAVY FOR SNAPPER, GROUPER - LIVE AND CUT BAIT"
PatchReef10,25.13813800000001,-80.266408,"PATCH REEF FOR BOTTOM FISHING YELLOWTAIL, MANGROVES - NIGHT FISHING FOR GROUPER- ALWAYS CHUM!!!"
PATCHREEF11b,24.50247,-81.617775,"GOOD REEF FISHING FOR GROUPER, SNAPPER AND MACKEREL. SEE YOUR TUTORIAL ON PATCH REEF FISHING"
PatchReef12,25.135507,-80.32193,anhor chum in over 14 ft fish use two chum blocks incoming or ebb tide mangrove ytail grouper
PatchReef13,25.10735,-80.34072000000001,"PATCH REEF FOR BOTTOM FISHING YELLOWTAIL, MANGROVES - NIGHT FISHING FOR GROUPER- ALWAYS CHUM!!!"
PatchReef14,25.105249,-80.315383,"PATCH REEF FOR BOTTOM FISHING YELLOWTAIL, MANGROVES - NIGHT FISHING FOR GROUPER- ALWAYS CHUM!!!"
PatchReef15,25.09351,-80.323731,"PATCH REEF FOR BOTTOM FISHING YELLOWTAIL, MANGROVES - NIGHT FISHING FOR GROUPER- ALWAYS CHUM!!!"
PatchReef18,25.118101,-80.282962,"PATCH REEF FOR BOTTOM FISHING YELLOWTAIL, MANGROVES - NIGHT FISHING FOR GROUPER- ALWAYS CHUM!!!"
PatchReef19,25.106,-80.345986,"PATCH REEF FOR BOTTOM FISHING YELLOWTAIL, MANGROVES - NIGHT FISHING FOR GROUPER- ALWAYS CHUM!!!"
PatchReef2,25.112586,-80.340701,"PATCH REEF FOR BOTTOM FISHING YELLOWTAIL, MANGROVES - NIGHT FISHING FOR GROUPER- ALWAYS CHUM!!!"
PatchReef20,25.1035,-80.34621,"PATCH REEF FOR BOTTOM FISHING YELLOWTAIL, MANGROVES - NIGHT FISHING FOR GROUPER- ALWAYS CHUM!!!"
PatchReef21,25.102742,-80.343295,"PATCH REEF FOR BOTTOM FISHING YELLOWTAIL, MANGROVES - NIGHT FISHING FOR GROUPER- ALWAYS CHUM!!!"
PatchReef22,25.073067,-80.34535,"PATCH REEF FOR BOTTOM FISHING YELLOWTAIL, MANGROVES - NIGHT FISHING FOR GROUPER- ALWAYS CHUM!!!"
PatchReef23,25.128221,-80.301864,"PATCH REEF FOR BOTTOM FISHING YELLOWTAIL, MANGROVES - NIGHT FISHING FOR GROUPER- ALWAYS CHUM!!!"
PatchReef24,25.10639,-80.33434,"PATCH REEF FOR BOTTOM FISHING YELLOWTAIL, MANGROVES - NIGHT FISHING FOR GROUPER- ALWAYS CHUM!!!"
PatchReef25,25.100189,-80.33572,"PATCH REEF FOR BOTTOM FISHING YELLOWTAIL, MANGROVES - NIGHT FISHING FOR GROUPER- ALWAYS CHUM!!!"
PatchReef26,25.10086,-80.33615,"PATCH REEF FOR BOTTOM FISHING YELLOWTAIL, MANGROVES - NIGHT FISHING FOR GROUPER- ALWAYS CHUM!!!"
PatchReef28,25.085211,-80.349921,"PATCH REEF FOR BOTTOM FISHING YELLOWTAIL, MANGROVES - NIGHT FISHING FOR GROUPER- ALWAYS CHUM!!!"
PatchReef29,25.09092,-80.33389,"PATCH REEF FOR BOTTOM FISHING YELLOWTAIL, MANGROVES - NIGHT FISHING FOR GROUPER- ALWAYS CHUM!!!"
PatchReef3,25.123855,-80.310406,"PATCH REEF FOR BOTTOM FISHING YELLOWTAIL, MANGROVES - NIGHT FISHING FOR GROUPER- ALWAYS CHUM!!!"
PatchReef30,25.09145,-80.33367,"PATCH REEF FOR BOTTOM FISHING YELLOWTAIL, MANGROVES - NIGHT FISHING FOR GROUPER- ALWAYS CHUM!!!"
PatchReef31,25.09205,-80.33353,"PATCH REEF FOR BOTTOM FISHING YELLOWTAIL, MANGROVES - NIGHT FISHING FOR GROUPER- ALWAYS CHUM!!!"
PATCHREEF3g,24.56763,-81.463831,"GOOD REEF FISHING FOR GROUPER, SNAPPER AND MACKEREL. SEE YOUR TUTORIAL ON PATCH REEF FISHING"
PatchReef4,25.09958200000001,-80.31723599999999,anhor chum in over 15 ft fish use two chum blocks incoming or ebb tide mangrove ytail grouper
PatchReef40,25.08092,-80.34863,"GOOD Y-TAIL AND MANGROVE SNAPPER FISHING - CHUM HEAVY, FISH A LIVE FLAT LINE FOR MACKEREL"
PatchReef47,25.07922,-80.34989,"GOOD Y-TAIL AND MANGROVE SNAPPER FISHING - CHUM HEAVY, FISH A LIVE FLAT LINE FOR MACKEREL"
PatchReef5,25.084604,-80.370976,anhor chum in over 10 ft fish use two chum blocks incoming or ebb tide mangrove ytail grouper
PatchReef6,25.11014,-80.34405,"PATCH REEF FOR BOTTOM FISHING YELLOWTAIL, MANGROVES - NIGHT FISHING FOR GROUPER- ALWAYS CHUM!!!"
PatchReef9,25.105302,-80.334137,"PATCH REEF FOR BOTTOM FISHING YELLOWTAIL, MANGROVES - NIGHT FISHING FOR GROUPER- ALWAYS CHUM!!!"
PATCHREEFB13,24.56254,-81.503477,"GOOD REEF FISHING FOR GROUPER, SNAPPER AND MACKEREL. SEE YOUR TUTORIAL ON PATCH REEF FISHING"
PATCHREEFC18,24.56399,-81.477554,"GOOD REEF FISHING FOR GROUPER, SNAPPER AND MACKEREL. SEE YOUR TUTORIAL ON PATCH REEF FISHING"
PATCHREEFf84,24.55839200000001,-81.378428,"PATCH REEF - YELLOWTAIL SNAPPER, GROUPER, MACKEREL ON FLAT LINES"
PATCHREEFh10,24.527755,-81.67718499999999,"GOOD REEF FISHING FOR GROUPER, SNAPPER AND MACKEREL. SEE YOUR TUTORIAL ON PATCH REEF FISHING"
PATCHWK9E,24.674263,-80.934906,Wk
PATCHWRECK,24.559765,-81.620178,"WRECK AND GOOD REEF FISHING FOR GROUPER, SNAPPER AND MACKEREL. SEE YOUR TUTORIAL ON PATCH REEF FISHING"
PATCHWRECK B,24.883776,-80.57476,Wreck
PATCHWRECK4,24.55890700000001,-81.47315,Wreck
PATCHWRK LM,24.670401,-80.963059,Wreck
PELICAN,24.48335700000001,-81.610085,"GOOD REEF FISHING FOR GROUPER, SNAPPER AND MACKEREL. SEE YOUR TUTORIAL ON PATCH REEF FISHING"
Pickles Reef,24.985607,-80.416239,PICKLES REEF AREA - BOTTOM FISHING IS GOOD FOR SNAPPER AND GROUPER - CHUM HEAVY
PICKLESWRK,24.988739,-80.41561,PICKLES REEF WRECK AREA
PIKEPATCH,24.938783,-80.48741699999999,"LOBSTER, SNAPPER, GROUPER -CHARTER BOAT RINGO SPOT"
PLATFORMARGI,25.01674,-80.37264,
pro pat011,25.124837,-80.34478,anhor chum fish around this deeper ledge use two chum blocks incoming or ebb tide
pro pat012,25.113904,-80.35528600000001,anhor chum fish around this deeper ledge use two chum blocks incoming or ebb tide
pro pat013,25.136346,-80.33340200000001,anhor chum in over 10 ft fish use two chum blocks incoming or ebb tide mangrove ytail grouper
pro pat014,25.019831,-80.422293,anhor chum in over 15 ft fish use two chum blocks incoming or ebb tide mangrove ytail grouper
pro pat015,25.018616,-80.43871900000001,anhor chum in over 15 ft fish use two chum blocks incoming or ebb tide mangrove ytail grouper
pro patch1,25.127239,-80.319721,anhor chum fish around this deeper ledge use two chum blocks last 2 hours of falling tide
pro patch2,25.138313,-80.313276,anhor chum fish around this deeper ledge use two chum blocks last 2 hours of falling tide
pro patch3,25.142717,-80.31197,anhor chum fish around this deeper ledge use two chum blocks last 2 hours of falling tide
pro patch4,25.138141,-80.292304,anhor chum fish around this deeper ledge use two chum blocks last 2 hours of falling tide
pro patch5,25.132942,-80.295999,anhor chum fish around this deeper ledge use two chum blocks last 2 hours of falling tide
PT109140FTGROUPER,24.928617,-80.46211700000001,
reefedge11,25.099278,-80.293639,anhor chum fish use two chum blocks incoming or ebb tide mangrove ytail grouper
reefedge12,24.77832,-80.70263,anhor chum bottom fish in fish use two chum blocks incoming or ebb tide mangrove ytail grouper
reefedge13,24.906886,-80.523842,anhor chum bottom fish in fish use two chum blocks incoming or ebb tide mangrove ytail grouper
reefedge15,24.641066,-81.049362,anhor chum bottom fish in fish use two chum blocks incoming or ebb tide mangrove ytail grouper
reefedge2,25.106481,-80.28677,anhor chum fish around this deeper ledge use two chum blocks incoming or ebb tide
reefedge4,25.090237,-80.30242300000001,anhor chum fish around this deeper ledge use two chum blocks incoming or ebb tide
ROBIN HOOD,24.000438,-82.799806,"GOOD REEF FISHING FOR GROUPER, SNAPPER AND MACKEREL. SEE YOUR TUTORIAL ON PATCH REEF FISHING"
ROCK PILE 11,24.540744,-81.74936700000001,"Live Bottom, Ricks or good structure for drfit fishing, lostering or Anchor chum fishing"
ROCK PILE 13,24.509523,-81.80340700000001,"Live Bottom, Ricks or good structure for drfit fishing, lostering or Anchor chum fishing"
ROCK PILE 17,24.517841,-81.763182,"Live Bottom, Ricks or good structure for drfit fishing, lostering or Anchor chum fishing"
ROCK PILE 22,24.534277,-81.833868,"Live Bottom, Ricks or good structure for drfit fishing, lostering or Anchor chum fishing"
ROCK PILE 23,24.535403,-81.83215199999999,"Live Bottom, Ricks or good structure for drfit fishing, lostering or Anchor chum fishing"
ROCK PILE 33,24.509556,-81.84012900000001,Rocks or Natural Live Bottom Area
ROCK PILE 332,24.513197,-81.84620099999999,"GOOD REEF FISHING FOR GROUPER, SNAPPER AND MACKEREL. SEE YOUR TUTORIAL ON PATCH REEF FISHING"
ROCK PILE 34,24.56241,-81.80727,"Live Bottom, Ricks or good structure for drfit fishing, lostering or Anchor chum fishing"
ROCK PILE12,24.540276,-81.818894,"Live Bottom, Ricks or good structure for drfit fishing, lostering or Anchor chum fishing"
ROCK PILE2,24.534096,-81.832143,"Live Bottom, Ricks or good structure for drfit fishing, lostering or Anchor chum fishing"
ROCKBOTM04,24.557177,-81.811689,"Live Bottom, Ricks or good structure for drfit fishing, lostering or Anchor chum fishing"
ROCKBOTM21,24.685724,-83.05019299999999,Rocks or Natural Live Bottom Area
ROCKBOTM24,24.679453,-83.037967,Rocks or Natural Live Bottom Area
ROCKBOTM26,24.681333,-83.031886,Rocks or Natural Live Bottom Area
ROCKBOTM3,24.550563,-81.82361,"Live Bottom, Ricks or good structure for drfit fishing, lostering or Anchor chum fishing"
ROCKBOTM4,24.55747300000001,-81.811348,"Live Bottom, Ricks or good structure for drfit fishing, lostering or Anchor chum fishing"
ROCKLOBSTER4,24.551516,-81.809794,"Live Bottom, Ricks or good structure for drfit fishing, lostering or Anchor chum fishing"
ROCKYBOTM4,24.551672,-81.808977,"Live Bottom, Ricks or good structure for drfit fishing, lostering or Anchor chum fishing"
ROCKYBOTOM4,24.5474,-81.82696900000001,"Live Bottom, Ricks or good structure for drfit fishing, lostering or Anchor chum fishing"
Sand Island A,25.01902,-80.36922,"SNAPPER - YELLOWTAIL, MANGROVE, DAY OR NIGHT - CHUM HEAVY"
SATIN SPOT,24.443333,-81.98,TOURNAMENT FISHING - WILD INJUN WIN IN 2002
SCAT REEF A,24.647061,-83.076504,Rocks or Natural Live Bottom Area
SCAT REEF B,24.648432,-83.07664699999999,Rocks or Natural Live Bottom Area
SCAT REEF D1,24.456597,-81.951983,Rocks or Natural Live Bottom Area
SCAT REEF N,24.455092,-81.950321,Rocks or Natural Live Bottom Area
SCAT REEF02,24.453423,-81.955145,Rocks or Natural Live Bottom Area
SCATE REEF C,24.638727,-83.081462,Rocks or Natural Live Bottom Area
SCATPATCH2,24.455265,-81.948318,Rocks or Natural Live Bottom Area
SCATREEF 1A,24.620047,-83.08422,Rocks or Natural Live Bottom Area
SCATREEF S,24.45325800000001,-81.963984,Rocks or Natural Live Bottom Area
SCATREEFA3,24.444435,-81.959313,Rocks or Natural Live Bottom Area
SCATREEFB,24.512104,-82.712332,Rocks or Natural Live Bottom Area
SCATREEFD2,24.491094,-81.89381899999999,Rocks or Natural Live Bottom Area
SCATREEFG3,24.455931,-81.949477,Rocks or Natural Live Bottom Area
SCATREEFG6,24.492426,-81.89081899999999,Rocks or Natural Live Bottom Area
SCATREEFH4,24.453587,-81.949315,Rocks or Natural Live Bottom Area
SCATREEFJ1,24.479067,-81.911677,Rocks or Natural Live Bottom Area
SCATREEFY1,24.484427,-81.904814,Rocks or Natural Live Bottom Area
SEVEN MILE 1,24.582917,-81.158067,"7 MILE BRIDGE, SPANS"
SEVEN MILE 2,24.583667,-81.15598300000001,7 MILE BRIDGE
SEVEN MILE 3,24.582833,-81.15983300000001,"7 MILE BRIDGE, SPANS"
SEVEN MILE 4,24.60555,-81.166667,OLD SEVEN MILE BRIDGE
SHRIMPBOAT B,24.98717,-80.41633,OLD WRECK - HOLDS SNAPPER - NIGHT FISHING
SOUTHLEDGE1,24.441028,-81.957942,Trolling and Bottom Fishing
SOUTHPRIDE,24.63376,-83.13317600000001,"GOOD WRECK, BOTTOM FISHING"
SPEARFISH B,24.838683,-80.632783,"SPEARFISHING FOR HOGFISH, SNAPPER, GROUPER, LOBSTERING"
Spiegel Grove,25.010589,-80.373169,CHECK REGULATIONS
SPUEGEL BOTOM,25.066,-80.312333,EXCELLENT GROUPER SNAPPER CHUM HEAVY
STARGAZER,24.455,-81.86666700000001,UNDERWATER SCULPTURES
STEELBEAMS,24.775457,-80.82135200000001,"SNAPPER - YELLOWTAIL, MANGROVE, DAY OR NIGHT - CHUM HEAVY"
SWIFTWATER,24.69000000000001,-80.856674,LIVE BOTTOM IN AREA
TAIL R,24.427483,-82.41251699999999,"MELTON BOAT - 56 POUND KINGFISH, COBIA AND DOLPHIN"
TAIL ROCK,24.429283,-82.416983,TAIL END
TAILENDBY,24.4107,-82.49695,"BUOY, BAIT AT OR NEAR BOUY"
TAILENDSOUTH,24.419694,-82.617277,trolling and bottom fishing - good spot
THUNDERBOLT,24.658,-80.965,188 FT LONG NAVY CABLE VESSEL
TIDE RIP D,24.813222,-80.425091,TIDE RIP NEAR HUMP - MAHI AND SAILFISH
tortugaedge,24.409585,-82.54541,trolling and bottom fishing
tortugas a,24.421271,-82.52005800000001,Bottom fishing for snapper and grouper
TORTUGAS B,24.41225,-82.491083,MELTON BOAT - BIG KINGFISH - GOOD FISHING TROLLING AND BOTTOM FISHING
TORTUGASRN,24.731667,-82.785,"GOOD REEF FISHING FOR GROUPER, SNAPPER AND MACKEREL. SEE YOUR TUTORIAL ON PATCH REEF FISHING"
tortugaTROLL,24.417368,-82.51815600000001,"trolling for sailfish, cobia, cero and kingfish"
troll27,24.559458,-81.321506,Trolling Area - See Notes on Area in your GPS unit
trolling1,24.519223,-81.643891,Good live bait trolling for several species
trolling13,24.575259,-81.392647,Trolling and Bottom Fishing
trolling14,24.601166,-81.35814600000001,Good trolling and bottom fishing area - bIg Kingfish
trolling4,24.52862,-81.612191,Good Live Bait Trolling )COBIA/KINGS/Cero Mackerel
trolling5,24.536737,-81.574618,Good trolling with live bait
TurtleShoaL1,25.02567,-80.39467000000001,"DANGER - CORAL, ROCKS, SHOAL"
USS CURB,24.436867,-81.768783,213 FT. NAVY SALVAGE VESSEL
USS KENDRICK,24.460133,-81.601067,448 FT. BRISTOL CLASS DESTROYER
USS SAUFLEY,24.449033,-81.5829,377 FT. FLETCHER CLASS DESTROYER
VANDENBERG,24.45995,-81.73646700000001,522 FEET MISSILE TRACKING SHIP
VITRIC WRECK,24.967066,-80.31644,"REEF MATERIAL AND GOOD REEF FISHING FOR GROUPER, SNAPPER AND MACKEREL. SEE YOUR TUTORIAL ON PATCH REEF FISHING"
WALL95FTMUTTONS,24.937617,-80.47075,
Wall95ftmuttons1,24.938583,-80.4761,WALL95FTMUTTONS
WESTDRYROCK,24.435017,-81.95415,45 POUND KINGFISH ON THE PATSY IN 2001 - GOOD SPOT
WESTSAMBO,24.474167,-81.7445,WEST SAMB REEF SPOT
WhiteBank2,25.04258,-80.37143,"SNAPPER - YELLOWTAIL, MANGROVE, DAY OR NIGHT - CHUM HEAVY"
WILKESBARGE2,24.4849,-81.55336699999999,610 FOOT CRUISER
WILKESBARGE3,24.484483,-81.5523,610 FOOT LIGHT CRUISER
Winch Hole,25,-80.37439999999999,REEF AND WRECK AREA HERE TO SOUTHE AND EAST
WIRE HOLE,24.490001,-81.677217,"REEF MATERIAL AND GOOD REEF FISHING FOR GROUPER, SNAPPER AND MACKEREL. SEE YOUR TUTORIAL ON PATCH REEF FISHING"
WOLF REEF,25.020622,-80.39692100000001,3 REEFBALLS DEPLOYED - HOLDS BAIT AND FISH
WRECK MUTTONS3,24.906717,-80.512467,ANCHOR VERY CLOSE TO WRECK AND CHUM MUTTONS FROM WRECK
WRECK04,24.458313,-82.253609,Wreck
wreck43,24.479942,-81.54962500000001,Old Wreck Aj Groouper and good trolling with live bait
WRECKCARLOSBIGMUTTONS,24.9364,-80.43601700000001,
WRECKISLKEY,24.666882,-80.866242,Wreck
WRECKMUTTONS,24.88655,-80.499133,MUTTONS ON WRECK
yellowtail01,24.486566,-81.705049,Flag yellowtail and other snapper
YELLOWTAIL1,25.176671,-80.23994999999999,GOOD CHUM FISHING ON BOTTOM
YELLOWTAIL12,24.54205,-81.82428299999999,"Live Bottom, Ricks or good structure for drfit fishing, lostering or Anchor chum fishing"
YELLOWTAIL13,24.540834,-81.82306199999999,"Live Bottom, Ricks or good structure for drfit fishing, lostering or Anchor chum fishing"
YELLOWTAIL2,25.155827,-80.2662,BOTTOM FISHING CHUMMING
YELLOWTAIL35,24.558233,-81.352481,"Yellowtail Snapper - Check laws, may be closed for fishing"
YELLOWTIL36,24.552913,-81.37346700000001,Yellow Tail Snapper
YT TAILROCK,24.552847,-81.816675,Live Bottom Rocks or good structure for drfit fishing lostering or Anchor chum fishing
YTAIL GROUPER,24.994517,-80.386867,YTAIL AND GROUPER ANCHOR AND CHUM HEAVY WAIT THEY WILL COME
